test_name,application,value,timestamp
test_collect_metrics_data_0,aim,0.1767117977142334,2023-11-09 03:49:20.652983
test_collect_metrics_data_0,mlflow,0.20940558910369872,2023-11-09 03:49:20.652983
test_collect_metrics_data_0,fasttrack,0.03382577896118164,2023-11-09 03:49:20.652983
test_collect_metrics_data_0,average,0.13998105525970458,2023-11-09 03:49:20.652983
test_collect_metrics_data_1,aim,0.1568455934524536,2023-11-09 03:49:24.362598
test_collect_metrics_data_1,mlflow,0.18486387729644777,2023-11-09 03:49:24.362598
test_collect_metrics_data_1,fasttrack,0.02858779430389404,2023-11-09 03:49:24.362598
test_collect_metrics_data_1,average,0.12343242168426515,2023-11-09 03:49:24.362598
test_collect_metrics_data_2,aim,0.15064711570739747,2023-11-09 03:49:27.967307
test_collect_metrics_data_2,mlflow,0.1894901752471924,2023-11-09 03:49:27.967307
test_collect_metrics_data_2,fasttrack,0.020184421539306642,2023-11-09 03:49:27.967307
test_collect_metrics_data_2,average,0.1201072374979655,2023-11-09 03:49:27.967307
test_collect_metrics_data_3,aim,0.15220701694488525,2023-11-09 03:49:31.592232
test_collect_metrics_data_3,mlflow,0.1898698091506958,2023-11-09 03:49:31.592232
test_collect_metrics_data_3,fasttrack,0.02022132873535156,2023-11-09 03:49:31.592232
test_collect_metrics_data_3,average,0.12076605161031088,2023-11-09 03:49:31.592232
test_collect_runs_data_0,aim,0.126607084274292,2023-11-09 03:49:34.962585
test_collect_runs_data_0,mlflow,0.19129960536956786,2023-11-09 03:49:34.962585
test_collect_runs_data_0,fasttrack,0.01898188591003418,2023-11-09 03:49:34.962585
test_collect_runs_data_0,average,0.11229619185129802,2023-11-09 03:49:34.962585
test_collect_runs_data_1,aim,0.12252779006958008,2023-11-09 03:49:38.276699
test_collect_runs_data_1,mlflow,0.1914654016494751,2023-11-09 03:49:38.276699
test_collect_runs_data_1,fasttrack,0.01727290153503418,2023-11-09 03:49:38.276699
test_collect_runs_data_1,average,0.11042203108469645,2023-11-09 03:49:38.276699
test_collect_runs_data_2,aim,0.12319848537445069,2023-11-09 03:49:42.011509
test_collect_runs_data_2,mlflow,0.19702160358428955,2023-11-09 03:49:42.011509
test_collect_runs_data_2,fasttrack,0.053114795684814455,2023-11-09 03:49:42.011509
test_collect_runs_data_2,average,0.12444496154785156,2023-11-09 03:49:42.011509
test_collect_runs_data_3,aim,0.1404843807220459,2023-11-09 03:49:45.548175
test_collect_runs_data_3,mlflow,0.1897596836090088,2023-11-09 03:49:45.548175
test_collect_runs_data_3,fasttrack,0.022885608673095702,2023-11-09 03:49:45.548175
test_collect_runs_data_3,average,0.11770989100138346,2023-11-09 03:49:45.548175
test_query_metrics_0,aim,0.16309769153594972,2023-11-09 03:49:47.555561
test_query_metrics_0,mlflow,0.02016000747680664,2023-11-09 03:49:47.555561
test_query_metrics_0,fasttrack,0.01731390953063965,2023-11-09 03:49:47.555561
test_query_metrics_0,average,0.06685720284779867,2023-11-09 03:49:47.555561
test_query_metrics_1,aim,0.16015250682830812,2023-11-09 03:49:49.500537
test_query_metrics_1,mlflow,0.017988991737365723,2023-11-09 03:49:49.500537
test_query_metrics_1,fasttrack,0.01618161201477051,2023-11-09 03:49:49.500537
test_query_metrics_1,average,0.06477437019348145,2023-11-09 03:49:49.500537
test_query_metrics_2,aim,0.15367717742919923,2023-11-09 03:49:51.392405
test_query_metrics_2,mlflow,0.018884611129760743,2023-11-09 03:49:51.392405
test_query_metrics_2,fasttrack,0.016484403610229494,2023-11-09 03:49:51.392405
test_query_metrics_2,average,0.06301539738972982,2023-11-09 03:49:51.392405
test_query_metrics_3,aim,0.15400209426879882,2023-11-09 03:49:53.285783
test_query_metrics_3,mlflow,0.018644309043884276,2023-11-09 03:49:53.285783
test_query_metrics_3,fasttrack,0.016544604301452638,2023-11-09 03:49:53.285783
test_query_metrics_3,average,0.06306366920471192,2023-11-09 03:49:53.285783
test_query_runs_0,aim,0.12712640762329103,2023-11-09 03:49:56.661780
test_query_runs_0,mlflow,0.19081978797912597,2023-11-09 03:49:56.661780
test_query_runs_0,fasttrack,0.019519782066345213,2023-11-09 03:49:56.661780
test_query_runs_0,average,0.11248865922292073,2023-11-09 03:49:56.661780
test_query_runs_1,aim,0.12596542835235597,2023-11-09 03:49:59.940821
test_query_runs_1,mlflow,0.1831225872039795,2023-11-09 03:49:59.940821
test_query_runs_1,fasttrack,0.018666172027587892,2023-11-09 03:49:59.940821
test_query_runs_1,average,0.10925139586130779,2023-11-09 03:49:59.940821
test_query_runs_2,aim,0.1284942865371704,2023-11-09 03:50:03.317423
test_query_runs_2,mlflow,0.18933360576629638,2023-11-09 03:50:03.317423
test_query_runs_2,fasttrack,0.01970088481903076,2023-11-09 03:50:03.317423
test_query_runs_2,average,0.11250959237416584,2023-11-09 03:50:03.317423
test_query_runs_3,aim,0.1231571912765503,2023-11-09 03:50:06.656622
test_query_runs_3,mlflow,0.19149861335754395,2023-11-09 03:50:06.656622
test_query_runs_3,fasttrack,0.01912541389465332,2023-11-09 03:50:06.656622
test_query_runs_3,average,0.1112604061762492,2023-11-09 03:50:06.656622
test_iterative_access,aim,0.06611521244049072,2023-11-09 03:50:09.237624
test_iterative_access,mlflow,0.18821258544921876,2023-11-09 03:50:09.237624
test_iterative_access,fasttrack,0.003568220138549805,2023-11-09 03:50:09.237624
test_iterative_access,average,0.08596533934275309,2023-11-09 03:50:09.237624
test_random_access_0,aim,0.06949439048767089,2023-11-09 03:50:11.862896
test_random_access_0,mlflow,0.18905138969421387,2023-11-09 03:50:11.862896
test_random_access_0,fasttrack,0.003807687759399414,2023-11-09 03:50:11.862896
test_random_access_0,average,0.08745115598042806,2023-11-09 03:50:11.862896
test_random_access_1,aim,0.06895270347595214,2023-11-09 03:50:14.504152
test_random_access_1,mlflow,0.1886725902557373,2023-11-09 03:50:14.504152
test_random_access_1,fasttrack,0.006346511840820313,2023-11-09 03:50:14.504152
test_random_access_1,average,0.08799060185750325,2023-11-09 03:50:14.504152
test_random_access_2,aim,0.07051138877868653,2023-11-09 03:50:17.100904
test_random_access_2,mlflow,0.18454329967498778,2023-11-09 03:50:17.100904
test_random_access_2,fasttrack,0.004432010650634766,2023-11-09 03:50:17.100904
test_random_access_2,average,0.08649556636810302,2023-11-09 03:50:17.100904
test_collect_metrics_data_0,aim,0.20738060474395753,2023-11-09 03:51:03.219217
test_collect_metrics_data_0,mlflow,0.23219819068908693,2023-11-09 03:51:03.219217
test_collect_metrics_data_0,fasttrack,0.04232668876647949,2023-11-09 03:51:03.219217
test_collect_metrics_data_0,average,0.16063516139984133,2023-11-09 03:51:03.219217
test_collect_metrics_data_1,aim,0.1771251916885376,2023-11-09 03:51:07.281234
test_collect_metrics_data_1,mlflow,0.20256359577178956,2023-11-09 03:51:07.281234
test_collect_metrics_data_1,fasttrack,0.02571871280670166,2023-11-09 03:51:07.281234
test_collect_metrics_data_1,average,0.13513583342234295,2023-11-09 03:51:07.281234
test_collect_metrics_data_2,aim,0.16489758491516113,2023-11-09 03:51:11.233464
test_collect_metrics_data_2,mlflow,0.20505762100219727,2023-11-09 03:51:11.233464
test_collect_metrics_data_2,fasttrack,0.02509899139404297,2023-11-09 03:51:11.233464
test_collect_metrics_data_2,average,0.13168473243713377,2023-11-09 03:51:11.233464
test_collect_metrics_data_3,aim,0.16389589309692382,2023-11-09 03:51:15.057993
test_collect_metrics_data_3,mlflow,0.19511752128601073,2023-11-09 03:51:15.057993
test_collect_metrics_data_3,fasttrack,0.02327122688293457,2023-11-09 03:51:15.057993
test_collect_metrics_data_3,average,0.1274282137552897,2023-11-09 03:51:15.057993
test_collect_runs_data_0,aim,0.1353675127029419,2023-11-09 03:51:18.614298
test_collect_runs_data_0,mlflow,0.19997749328613282,2023-11-09 03:51:18.614298
test_collect_runs_data_0,fasttrack,0.020097112655639647,2023-11-09 03:51:18.614298
test_collect_runs_data_0,average,0.1184807062149048,2023-11-09 03:51:18.614298
test_collect_runs_data_1,aim,0.13563110828399658,2023-11-09 03:51:22.367669
test_collect_runs_data_1,mlflow,0.2128194808959961,2023-11-09 03:51:22.367669
test_collect_runs_data_1,fasttrack,0.026737403869628907,2023-11-09 03:51:22.367669
test_collect_runs_data_1,average,0.12506266434987387,2023-11-09 03:51:22.367669
test_collect_runs_data_2,aim,0.143088698387146,2023-11-09 03:51:26.226459
test_collect_runs_data_2,mlflow,0.2192617177963257,2023-11-09 03:51:26.226459
test_collect_runs_data_2,fasttrack,0.023353886604309083,2023-11-09 03:51:26.226459
test_collect_runs_data_2,average,0.12856810092926027,2023-11-09 03:51:26.226459
test_collect_runs_data_3,aim,0.13662078380584716,2023-11-09 03:51:29.893717
test_collect_runs_data_3,mlflow,0.2089754819869995,2023-11-09 03:51:29.893717
test_collect_runs_data_3,fasttrack,0.020950794219970703,2023-11-09 03:51:29.893717
test_collect_runs_data_3,average,0.12218235333760578,2023-11-09 03:51:29.893717
test_query_metrics_0,aim,0.16380271911621094,2023-11-09 03:51:31.936726
test_query_metrics_0,mlflow,0.023681116104125977,2023-11-09 03:51:31.936726
test_query_metrics_0,fasttrack,0.01662008762359619,2023-11-09 03:51:31.936726
test_query_metrics_0,average,0.0680346409479777,2023-11-09 03:51:31.936726
test_query_metrics_1,aim,0.1700679063796997,2023-11-09 03:51:34.116635
test_query_metrics_1,mlflow,0.02152400016784668,2023-11-09 03:51:34.116635
test_query_metrics_1,fasttrack,0.02623107433319092,2023-11-09 03:51:34.116635
test_query_metrics_1,average,0.07260766029357911,2023-11-09 03:51:34.116635
test_query_metrics_2,aim,0.18849167823791504,2023-11-09 03:51:36.605076
test_query_metrics_2,mlflow,0.038392496109008786,2023-11-09 03:51:36.605076
test_query_metrics_2,fasttrack,0.021798205375671387,2023-11-09 03:51:36.605076
test_query_metrics_2,average,0.08289412657419841,2023-11-09 03:51:36.605076
test_query_metrics_3,aim,0.16405491828918456,2023-11-09 03:51:38.696301
test_query_metrics_3,mlflow,0.02647101879119873,2023-11-09 03:51:38.696301
test_query_metrics_3,fasttrack,0.0184345006942749,2023-11-09 03:51:38.696301
test_query_metrics_3,average,0.0696534792582194,2023-11-09 03:51:38.696301
test_query_runs_0,aim,0.169785475730896,2023-11-09 03:51:43.017853
test_query_runs_0,mlflow,0.23358829021453859,2023-11-09 03:51:43.017853
test_query_runs_0,fasttrack,0.028631186485290526,2023-11-09 03:51:43.017853
test_query_runs_0,average,0.14400165081024172,2023-11-09 03:51:43.017853
test_query_runs_1,aim,0.14626641273498536,2023-11-09 03:51:46.888013
test_query_runs_1,mlflow,0.21427609920501708,2023-11-09 03:51:46.888013
test_query_runs_1,fasttrack,0.026065492630004884,2023-11-09 03:51:46.888013
test_query_runs_1,average,0.1288693348566691,2023-11-09 03:51:46.888013
test_query_runs_2,aim,0.1368082046508789,2023-11-09 03:51:50.493396
test_query_runs_2,mlflow,0.2007812261581421,2023-11-09 03:51:50.493396
test_query_runs_2,fasttrack,0.02277989387512207,2023-11-09 03:51:50.493396
test_query_runs_2,average,0.12012310822804768,2023-11-09 03:51:50.493396
test_query_runs_3,aim,0.13133978843688965,2023-11-09 03:51:54.043933
test_query_runs_3,mlflow,0.20137600898742675,2023-11-09 03:51:54.043933
test_query_runs_3,fasttrack,0.02219822406768799,2023-11-09 03:51:54.043933
test_query_runs_3,average,0.11830467383066812,2023-11-09 03:51:54.043933
test_iterative_access,aim,0.0742568016052246,2023-11-09 03:51:56.897284
test_iterative_access,mlflow,0.20637061595916747,2023-11-09 03:51:56.897284
test_iterative_access,fasttrack,0.0045277118682861325,2023-11-09 03:51:56.897284
test_iterative_access,average,0.09505170981089273,2023-11-09 03:51:56.897284
test_random_access_0,aim,0.07110829353332519,2023-11-09 03:51:59.628946
test_random_access_0,mlflow,0.19803380966186523,2023-11-09 03:51:59.628946
test_random_access_0,fasttrack,0.0038148164749145508,2023-11-09 03:51:59.628946
test_random_access_0,average,0.090985639890035,2023-11-09 03:51:59.628946
test_random_access_1,aim,0.08964409828186035,2023-11-09 03:52:02.748568
test_random_access_1,mlflow,0.21516270637512208,2023-11-09 03:52:02.748568
test_random_access_1,fasttrack,0.006900286674499512,2023-11-09 03:52:02.748568
test_random_access_1,average,0.10390236377716065,2023-11-09 03:52:02.748568
test_random_access_2,aim,0.059574294090271,2023-11-09 03:52:05.489491
test_random_access_2,mlflow,0.19906091690063477,2023-11-09 03:52:05.489491
test_random_access_2,fasttrack,0.0049707889556884766,2023-11-09 03:52:05.489491
test_random_access_2,average,0.08786866664886474,2023-11-09 03:52:05.489491
test_collect_metrics_data_0,aim,0.18324289321899415,2023-11-09 03:54:35.449618
test_collect_metrics_data_0,mlflow,0.23398678302764891,2023-11-09 03:54:35.449618
test_collect_metrics_data_0,fasttrack,0.02811150550842285,2023-11-09 03:54:35.449618
test_collect_metrics_data_0,average,0.14844706058502197,2023-11-09 03:54:35.449618
test_collect_metrics_data_1,aim,0.17061889171600342,2023-11-09 03:54:39.558790
test_collect_metrics_data_1,mlflow,0.21360671520233154,2023-11-09 03:54:39.558790
test_collect_metrics_data_1,fasttrack,0.025851917266845704,2023-11-09 03:54:39.558790
test_collect_metrics_data_1,average,0.1366925080617269,2023-11-09 03:54:39.558790
test_collect_metrics_data_2,aim,0.17322020530700682,2023-11-09 03:54:43.731692
test_collect_metrics_data_2,mlflow,0.22023508548736573,2023-11-09 03:54:43.731692
test_collect_metrics_data_2,fasttrack,0.02367410659790039,2023-11-09 03:54:43.731692
test_collect_metrics_data_2,average,0.13904313246409097,2023-11-09 03:54:43.731692
test_collect_metrics_data_3,aim,0.18330862522125244,2023-11-09 03:54:48.277542
test_collect_metrics_data_3,mlflow,0.24596328735351564,2023-11-09 03:54:48.277542
test_collect_metrics_data_3,fasttrack,0.025151324272155762,2023-11-09 03:54:48.277542
test_collect_metrics_data_3,average,0.15147441228230796,2023-11-09 03:54:48.277542
test_collect_runs_data_0,aim,0.14033691883087157,2023-11-09 03:54:52.078364
test_collect_runs_data_0,mlflow,0.21264801025390626,2023-11-09 03:54:52.078364
test_collect_runs_data_0,fasttrack,0.02690300941467285,2023-11-09 03:54:52.078364
test_collect_runs_data_0,average,0.12662931283315024,2023-11-09 03:54:52.078364
test_collect_runs_data_1,aim,0.1375437021255493,2023-11-09 03:54:55.815201
test_collect_runs_data_1,mlflow,0.20880520343780518,2023-11-09 03:54:55.815201
test_collect_runs_data_1,fasttrack,0.027187609672546388,2023-11-09 03:54:55.815201
test_collect_runs_data_1,average,0.12451217174530028,2023-11-09 03:54:55.815201
test_collect_runs_data_2,aim,0.14267468452453613,2023-11-09 03:54:59.675612
test_collect_runs_data_2,mlflow,0.22011828422546387,2023-11-09 03:54:59.675612
test_collect_runs_data_2,fasttrack,0.023070502281188964,2023-11-09 03:54:59.675612
test_collect_runs_data_2,average,0.1286211570103963,2023-11-09 03:54:59.675612
test_collect_runs_data_3,aim,0.14081919193267822,2023-11-09 03:55:03.449042
test_collect_runs_data_3,mlflow,0.2126845121383667,2023-11-09 03:55:03.449042
test_collect_runs_data_3,fasttrack,0.023661589622497557,2023-11-09 03:55:03.449042
test_collect_runs_data_3,average,0.12572176456451414,2023-11-09 03:55:03.449042
test_query_metrics_0,aim,0.17852320671081542,2023-11-09 03:55:05.682924
test_query_metrics_0,mlflow,0.024781203269958495,2023-11-09 03:55:05.682924
test_query_metrics_0,fasttrack,0.019877815246582033,2023-11-09 03:55:05.682924
test_query_metrics_0,average,0.07439407507578531,2023-11-09 03:55:05.682924
test_query_metrics_1,aim,0.17326221466064454,2023-11-09 03:55:07.888633
test_query_metrics_1,mlflow,0.020834708213806154,2023-11-09 03:55:07.888633
test_query_metrics_1,fasttrack,0.0263232946395874,2023-11-09 03:55:07.888633
test_query_metrics_1,average,0.07347340583801269,2023-11-09 03:55:07.888633
test_query_metrics_2,aim,0.19776198863983155,2023-11-09 03:55:10.372111
test_query_metrics_2,mlflow,0.030741786956787108,2023-11-09 03:55:10.372111
test_query_metrics_2,fasttrack,0.01971108913421631,2023-11-09 03:55:10.372111
test_query_metrics_2,average,0.08273828824361167,2023-11-09 03:55:10.372111
test_query_metrics_3,aim,0.17044239044189452,2023-11-09 03:55:12.571289
test_query_metrics_3,mlflow,0.024862098693847656,2023-11-09 03:55:12.571289
test_query_metrics_3,fasttrack,0.02445378303527832,2023-11-09 03:55:12.571289
test_query_metrics_3,average,0.07325275739034016,2023-11-09 03:55:12.571289
test_query_runs_0,aim,0.1415548086166382,2023-11-09 03:55:16.465105
test_query_runs_0,mlflow,0.2270587921142578,2023-11-09 03:55:16.465105
test_query_runs_0,fasttrack,0.020570898056030275,2023-11-09 03:55:16.465105
test_query_runs_0,average,0.12972816626230876,2023-11-09 03:55:16.465105
test_query_runs_1,aim,0.14770376682281494,2023-11-09 03:55:20.464190
test_query_runs_1,mlflow,0.22693071365356446,2023-11-09 03:55:20.464190
test_query_runs_1,fasttrack,0.02508888244628906,2023-11-09 03:55:20.464190
test_query_runs_1,average,0.13324112097422283,2023-11-09 03:55:20.464190
test_query_runs_2,aim,0.16365399360656738,2023-11-09 03:55:24.807513
test_query_runs_2,mlflow,0.24936652183532715,2023-11-09 03:55:24.807513
test_query_runs_2,fasttrack,0.0211590051651001,2023-11-09 03:55:24.807513
test_query_runs_2,average,0.1447265068689982,2023-11-09 03:55:24.807513
test_query_runs_3,aim,0.15414819717407227,2023-11-09 03:55:29.187097
test_query_runs_3,mlflow,0.24812920093536378,2023-11-09 03:55:29.187097
test_query_runs_3,fasttrack,0.035545182228088376,2023-11-09 03:55:29.187097
test_query_runs_3,average,0.14594086011250815,2023-11-09 03:55:29.187097
test_iterative_access,aim,0.07956581115722657,2023-11-09 03:55:32.649459
test_iterative_access,mlflow,0.25809550285339355,2023-11-09 03:55:32.649459
test_iterative_access,fasttrack,0.008269691467285156,2023-11-09 03:55:32.649459
test_iterative_access,average,0.11531033515930177,2023-11-09 03:55:32.649459
test_random_access_0,aim,0.07717738151550294,2023-11-09 03:55:35.874167
test_random_access_0,mlflow,0.2409688949584961,2023-11-09 03:55:35.874167
test_random_access_0,fasttrack,0.003954505920410157,2023-11-09 03:55:35.874167
test_random_access_0,average,0.10736692746480307,2023-11-09 03:55:35.874167
test_random_access_1,aim,0.07628800868988037,2023-11-09 03:55:39.116260
test_random_access_1,mlflow,0.24225029945373536,2023-11-09 03:55:39.116260
test_random_access_1,fasttrack,0.005509400367736816,2023-11-09 03:55:39.116260
test_random_access_1,average,0.10801590283711753,2023-11-09 03:55:39.116260
test_random_access_2,aim,0.07556750774383544,2023-11-09 03:55:42.364963
test_random_access_2,mlflow,0.24452521800994872,2023-11-09 03:55:42.364963
test_random_access_2,fasttrack,0.004607701301574707,2023-11-09 03:55:42.364963
test_random_access_2,average,0.10823347568511961,2023-11-09 03:55:42.364963
test_collect_metrics_data_0,aim,0.007983994483947755,2023-11-09 04:21:40.513266
test_collect_metrics_data_0,mlflow,0.008634996414184571,2023-11-09 04:21:40.513266
test_collect_metrics_data_0,fasttrack,0.05081861019134522,2023-11-09 04:21:40.513266
test_collect_metrics_data_0,average,0.022479200363159178,2023-11-09 04:21:40.513266
test_collect_metrics_data_1,aim,0.0071658134460449215,2023-11-09 04:21:40.919839
test_collect_metrics_data_1,mlflow,0.008032798767089844,2023-11-09 04:21:40.919839
test_collect_metrics_data_1,fasttrack,0.024823904037475586,2023-11-09 04:21:40.919839
test_collect_metrics_data_1,average,0.01334083875020345,2023-11-09 04:21:40.919839
test_collect_metrics_data_2,aim,0.009278106689453124,2023-11-09 04:21:41.340851
test_collect_metrics_data_2,mlflow,0.008030986785888672,2023-11-09 04:21:41.340851
test_collect_metrics_data_2,fasttrack,0.024624085426330565,2023-11-09 04:21:41.340851
test_collect_metrics_data_2,average,0.013977726300557455,2023-11-09 04:21:41.340851
test_collect_metrics_data_3,aim,0.007117414474487304,2023-11-09 04:21:41.700792
test_collect_metrics_data_3,mlflow,0.007950496673583985,2023-11-09 04:21:41.700792
test_collect_metrics_data_3,fasttrack,0.02077960968017578,2023-11-09 04:21:41.700792
test_collect_metrics_data_3,average,0.01194917360941569,2023-11-09 04:21:41.700792
test_collect_runs_data_0,aim,0.0070816993713378905,2023-11-09 04:21:42.148278
test_collect_runs_data_0,mlflow,0.007843494415283203,2023-11-09 04:21:42.148278
test_collect_runs_data_0,fasttrack,0.02966768741607666,2023-11-09 04:21:42.148278
test_collect_runs_data_0,average,0.014864293734232583,2023-11-09 04:21:42.148278
test_collect_runs_data_1,aim,0.007005381584167481,2023-11-09 04:21:42.508598
test_collect_runs_data_1,mlflow,0.008052992820739745,2023-11-09 04:21:42.508598
test_collect_runs_data_1,fasttrack,0.020828509330749513,2023-11-09 04:21:42.508598
test_collect_runs_data_1,average,0.011962294578552246,2023-11-09 04:21:42.508598
test_collect_runs_data_2,aim,0.006029701232910157,2023-11-09 04:21:42.852334
test_collect_runs_data_2,mlflow,0.007816076278686523,2023-11-09 04:21:42.852334
test_collect_runs_data_2,fasttrack,0.02037489414215088,2023-11-09 04:21:42.852334
test_collect_runs_data_2,average,0.011406890551249186,2023-11-09 04:21:42.852334
test_collect_runs_data_3,aim,0.005922579765319824,2023-11-09 04:21:43.223255
test_collect_runs_data_3,mlflow,0.007865715026855468,2023-11-09 04:21:43.223255
test_collect_runs_data_3,fasttrack,0.023155593872070314,2023-11-09 04:21:43.223255
test_collect_runs_data_3,average,0.012314629554748534,2023-11-09 04:21:43.223255
test_query_metrics_0,aim,0.007137465476989746,2023-11-09 04:21:43.702879
test_query_metrics_0,mlflow,0.021675682067871092,2023-11-09 04:21:43.702879
test_query_metrics_0,fasttrack,0.018983888626098632,2023-11-09 04:21:43.702879
test_query_metrics_0,average,0.015932345390319822,2023-11-09 04:21:43.702879
test_query_metrics_1,aim,0.007024312019348144,2023-11-09 04:21:44.213808
test_query_metrics_1,mlflow,0.024819397926330568,2023-11-09 04:21:44.213808
test_query_metrics_1,fasttrack,0.019103407859802246,2023-11-09 04:21:44.213808
test_query_metrics_1,average,0.016982372601826987,2023-11-09 04:21:44.213808
test_query_metrics_2,aim,0.00708160400390625,2023-11-09 04:21:44.679408
test_query_metrics_2,mlflow,0.021175289154052736,2023-11-09 04:21:44.679408
test_query_metrics_2,fasttrack,0.01816220283508301,2023-11-09 04:21:44.679408
test_query_metrics_2,average,0.015473031997680665,2023-11-09 04:21:44.679408
test_query_metrics_3,aim,0.00702052116394043,2023-11-09 04:21:45.162095
test_query_metrics_3,mlflow,0.0212554931640625,2023-11-09 04:21:45.162095
test_query_metrics_3,fasttrack,0.01962921619415283,2023-11-09 04:21:45.162095
test_query_metrics_3,average,0.01596841017405192,2023-11-09 04:21:45.162095
test_query_runs_0,aim,0.0058116912841796875,2023-11-09 04:21:45.537491
test_query_runs_0,mlflow,0.007876205444335937,2023-11-09 04:21:45.537491
test_query_runs_0,fasttrack,0.02371680736541748,2023-11-09 04:21:45.537491
test_query_runs_0,average,0.012468234697977703,2023-11-09 04:21:45.537491
test_query_runs_1,aim,0.006115603446960449,2023-11-09 04:21:45.884019
test_query_runs_1,mlflow,0.008023381233215332,2023-11-09 04:21:45.884019
test_query_runs_1,fasttrack,0.02037019729614258,2023-11-09 04:21:45.884019
test_query_runs_1,average,0.011503060658772787,2023-11-09 04:21:45.884019
test_query_runs_2,aim,0.005972623825073242,2023-11-09 04:21:46.234405
test_query_runs_2,mlflow,0.007950496673583985,2023-11-09 04:21:46.234405
test_query_runs_2,fasttrack,0.020975804328918456,2023-11-09 04:21:46.234405
test_query_runs_2,average,0.011632974942525229,2023-11-09 04:21:46.234405
test_query_runs_3,aim,0.007092094421386719,2023-11-09 04:21:46.583208
test_query_runs_3,mlflow,0.009316515922546387,2023-11-09 04:21:46.583208
test_query_runs_3,fasttrack,0.018320608139038085,2023-11-09 04:21:46.583208
test_query_runs_3,average,0.011576406160990397,2023-11-09 04:21:46.583208
test_iterative_access,aim,0.0043228864669799805,2023-11-09 04:21:46.766916
test_iterative_access,mlflow,0.009263706207275391,2023-11-09 04:21:46.766916
test_iterative_access,fasttrack,0.004608011245727539,2023-11-09 04:21:46.766916
test_iterative_access,average,0.006064867973327638,2023-11-09 04:21:46.766916
test_random_access_0,aim,0.0033229827880859376,2023-11-09 04:21:46.920920
test_random_access_0,mlflow,0.007848405838012695,2023-11-09 04:21:46.920920
test_random_access_0,fasttrack,0.0040577173233032225,2023-11-09 04:21:46.920920
test_random_access_0,average,0.005076368649800618,2023-11-09 04:21:46.920920
test_random_access_1,aim,0.0031796932220458985,2023-11-09 04:21:47.078512
test_random_access_1,mlflow,0.008031797409057618,2023-11-09 04:21:47.078512
test_random_access_1,fasttrack,0.004395508766174316,2023-11-09 04:21:47.078512
test_random_access_1,average,0.005202333132425944,2023-11-09 04:21:47.078512
test_random_access_2,aim,0.0032674074172973633,2023-11-09 04:21:47.227865
test_random_access_2,mlflow,0.007873010635375977,2023-11-09 04:21:47.227865
test_random_access_2,fasttrack,0.0036429166793823242,2023-11-09 04:21:47.227865
test_random_access_2,average,0.004927778244018555,2023-11-09 04:21:47.227865
test_collect_metrics_data_0,aim,0.014151906967163086,2023-11-09 04:25:10.240380
test_collect_metrics_data_0,mlflow,0.01668391227722168,2023-11-09 04:25:10.240380
test_collect_metrics_data_0,fasttrack,0.03945610523223877,2023-11-09 04:25:10.240380
test_collect_metrics_data_0,average,0.023430641492207846,2023-11-09 04:25:10.240380
test_collect_metrics_data_1,aim,0.012778401374816895,2023-11-09 04:25:10.816430
test_collect_metrics_data_1,mlflow,0.017235994338989258,2023-11-09 04:25:10.816430
test_collect_metrics_data_1,fasttrack,0.026957988739013672,2023-11-09 04:25:10.816430
test_collect_metrics_data_1,average,0.01899079481760661,2023-11-09 04:25:10.816430
test_collect_metrics_data_2,aim,0.013228178024291992,2023-11-09 04:25:11.342604
test_collect_metrics_data_2,mlflow,0.016546797752380372,2023-11-09 04:25:11.342604
test_collect_metrics_data_2,fasttrack,0.022667407989501953,2023-11-09 04:25:11.342604
test_collect_metrics_data_2,average,0.01748079458872477,2023-11-09 04:25:11.342604
test_collect_metrics_data_3,aim,0.013237619400024414,2023-11-09 04:25:11.849311
test_collect_metrics_data_3,mlflow,0.0166795015335083,2023-11-09 04:25:11.849311
test_collect_metrics_data_3,fasttrack,0.020603704452514648,2023-11-09 04:25:11.849311
test_collect_metrics_data_3,average,0.016840275128682452,2023-11-09 04:25:11.849311
test_collect_runs_data_0,aim,0.010772204399108887,2023-11-09 04:25:12.345855
test_collect_runs_data_0,mlflow,0.0160419225692749,2023-11-09 04:25:12.345855
test_collect_runs_data_0,fasttrack,0.022606420516967773,2023-11-09 04:25:12.345855
test_collect_runs_data_0,average,0.01647351582845052,2023-11-09 04:25:12.345855
test_collect_runs_data_1,aim,0.010869407653808593,2023-11-09 04:25:12.825191
test_collect_runs_data_1,mlflow,0.015509700775146485,2023-11-09 04:25:12.825191
test_collect_runs_data_1,fasttrack,0.02140488624572754,2023-11-09 04:25:12.825191
test_collect_runs_data_1,average,0.015927998224894206,2023-11-09 04:25:12.825191
test_collect_runs_data_2,aim,0.010628104209899902,2023-11-09 04:25:13.300302
test_collect_runs_data_2,mlflow,0.015311717987060547,2023-11-09 04:25:13.300302
test_collect_runs_data_2,fasttrack,0.02142338752746582,2023-11-09 04:25:13.300302
test_collect_runs_data_2,average,0.015787736574808756,2023-11-09 04:25:13.300302
test_collect_runs_data_3,aim,0.011853384971618652,2023-11-09 04:25:13.795458
test_collect_runs_data_3,mlflow,0.015412521362304688,2023-11-09 04:25:13.795458
test_collect_runs_data_3,fasttrack,0.0220897912979126,2023-11-09 04:25:13.795458
test_collect_runs_data_3,average,0.016451899210611978,2023-11-09 04:25:13.795458
test_query_metrics_0,aim,0.013249802589416503,2023-11-09 04:25:14.392698
test_query_metrics_0,mlflow,0.026979780197143553,2023-11-09 04:25:14.392698
test_query_metrics_0,fasttrack,0.019310998916625976,2023-11-09 04:25:14.392698
test_query_metrics_0,average,0.019846860567728677,2023-11-09 04:25:14.392698
test_query_metrics_1,aim,0.012992095947265626,2023-11-09 04:25:14.946721
test_query_metrics_1,mlflow,0.022223377227783205,2023-11-09 04:25:14.946721
test_query_metrics_1,fasttrack,0.020047783851623535,2023-11-09 04:25:14.946721
test_query_metrics_1,average,0.018421085675557457,2023-11-09 04:25:14.946721
test_query_metrics_2,aim,0.013796186447143555,2023-11-09 04:25:15.487258
test_query_metrics_2,mlflow,0.020950794219970703,2023-11-09 04:25:15.487258
test_query_metrics_2,fasttrack,0.0191619873046875,2023-11-09 04:25:15.487258
test_query_metrics_2,average,0.017969655990600585,2023-11-09 04:25:15.487258
test_query_metrics_3,aim,0.013047599792480468,2023-11-09 04:25:16.030181
test_query_metrics_3,mlflow,0.02051401138305664,2023-11-09 04:25:16.030181
test_query_metrics_3,fasttrack,0.020580315589904787,2023-11-09 04:25:16.030181
test_query_metrics_3,average,0.018047308921813967,2023-11-09 04:25:16.030181
test_query_runs_0,aim,0.010658502578735352,2023-11-09 04:25:16.507554
test_query_runs_0,mlflow,0.016655993461608887,2023-11-09 04:25:16.507554
test_query_runs_0,fasttrack,0.02022559642791748,2023-11-09 04:25:16.507554
test_query_runs_0,average,0.015846697489420573,2023-11-09 04:25:16.507554
test_query_runs_1,aim,0.010765576362609863,2023-11-09 04:25:16.976701
test_query_runs_1,mlflow,0.015662169456481932,2023-11-09 04:25:16.976701
test_query_runs_1,fasttrack,0.020313215255737305,2023-11-09 04:25:16.976701
test_query_runs_1,average,0.015580320358276369,2023-11-09 04:25:16.976701
test_query_runs_2,aim,0.010690975189208984,2023-11-09 04:25:17.450573
test_query_runs_2,mlflow,0.016307306289672852,2023-11-09 04:25:17.450573
test_query_runs_2,fasttrack,0.02022547721862793,2023-11-09 04:25:17.450573
test_query_runs_2,average,0.01574125289916992,2023-11-09 04:25:17.450573
test_query_runs_3,aim,0.010786199569702148,2023-11-09 04:25:17.913801
test_query_runs_3,mlflow,0.016448092460632325,2023-11-09 04:25:17.913801
test_query_runs_3,fasttrack,0.018945026397705077,2023-11-09 04:25:17.913801
test_query_runs_3,average,0.01539310614267985,2023-11-09 04:25:17.913801
test_iterative_access,aim,0.006119775772094727,2023-11-09 04:25:18.186498
test_iterative_access,mlflow,0.016419100761413574,2023-11-09 04:25:18.186498
test_iterative_access,fasttrack,0.004540014266967774,2023-11-09 04:25:18.186498
test_iterative_access,average,0.009026296933492025,2023-11-09 04:25:18.186498
test_random_access_0,aim,0.005576300621032715,2023-11-09 04:25:18.436861
test_random_access_0,mlflow,0.015465021133422852,2023-11-09 04:25:18.436861
test_random_access_0,fasttrack,0.0038200855255126954,2023-11-09 04:25:18.436861
test_random_access_0,average,0.008287135759989421,2023-11-09 04:25:18.436861
test_random_access_1,aim,0.005625796318054199,2023-11-09 04:25:18.683406
test_random_access_1,mlflow,0.01537182331085205,2023-11-09 04:25:18.683406
test_random_access_1,fasttrack,0.0035045862197875975,2023-11-09 04:25:18.683406
test_random_access_1,average,0.008167401949564616,2023-11-09 04:25:18.683406
test_random_access_2,aim,0.005478715896606446,2023-11-09 04:25:18.926419
test_random_access_2,mlflow,0.015172410011291503,2023-11-09 04:25:18.926419
test_random_access_2,fasttrack,0.003493595123291016,2023-11-09 04:25:18.926419
test_random_access_2,average,0.008048240343729654,2023-11-09 04:25:18.926419
test_collect_metrics_data_0,aim,0.16138312816619874,2023-11-09 13:33:43.100827
test_collect_metrics_data_0,mlflow,0.25413391590118406,2023-11-09 13:33:43.100827
test_collect_metrics_data_0,fasttrack,0.005763602256774902,2023-11-09 13:33:43.100827
test_collect_metrics_data_0,average,0.14042688210805257,2023-11-09 13:33:43.100827
test_collect_metrics_data_1,aim,0.1294785261154175,2023-11-09 13:33:46.667026
test_collect_metrics_data_1,mlflow,0.2197350025177002,2023-11-09 13:33:46.667026
test_collect_metrics_data_1,fasttrack,0.002654695510864258,2023-11-09 13:33:46.667026
test_collect_metrics_data_1,average,0.11728940804799398,2023-11-09 13:33:46.667026
test_collect_metrics_data_2,aim,0.12092351913452148,2023-11-09 13:33:49.927317
test_collect_metrics_data_2,mlflow,0.20098462104797363,2023-11-09 13:33:49.927317
test_collect_metrics_data_2,fasttrack,0.003475189208984375,2023-11-09 13:33:49.927317
test_collect_metrics_data_2,average,0.10846110979715984,2023-11-09 13:33:49.927317
test_collect_metrics_data_3,aim,0.13839285373687743,2023-11-09 13:33:53.305072
test_collect_metrics_data_3,mlflow,0.19572482109069825,2023-11-09 13:33:53.305072
test_collect_metrics_data_3,fasttrack,0.0028632402420043944,2023-11-09 13:33:53.305072
test_collect_metrics_data_3,average,0.11232697168986001,2023-11-09 13:33:53.305072
test_collect_runs_data_0,aim,0.11044051647186279,2023-11-09 13:33:56.483802
test_collect_runs_data_0,mlflow,0.20423355102539062,2023-11-09 13:33:56.483802
test_collect_runs_data_0,fasttrack,0.002587246894836426,2023-11-09 13:33:56.483802
test_collect_runs_data_0,average,0.10575377146402994,2023-11-09 13:33:56.483802
test_collect_runs_data_1,aim,0.10960524082183838,2023-11-09 13:33:59.660869
test_collect_runs_data_1,mlflow,0.20493788719177247,2023-11-09 13:33:59.660869
test_collect_runs_data_1,fasttrack,0.0027040481567382813,2023-11-09 13:33:59.660869
test_collect_runs_data_1,average,0.10574905872344971,2023-11-09 13:33:59.660869
test_collect_runs_data_2,aim,0.11833715438842773,2023-11-09 13:34:02.892555
test_collect_runs_data_2,mlflow,0.2011580228805542,2023-11-09 13:34:02.892555
test_collect_runs_data_2,fasttrack,0.0030681610107421873,2023-11-09 13:34:02.892555
test_collect_runs_data_2,average,0.10752111275990806,2023-11-09 13:34:02.892555
test_collect_runs_data_3,aim,0.11587953567504883,2023-11-09 13:34:06.111147
test_collect_runs_data_3,mlflow,0.20213143825531005,2023-11-09 13:34:06.111147
test_collect_runs_data_3,fasttrack,0.003108382225036621,2023-11-09 13:34:06.111147
test_collect_runs_data_3,average,0.10703978538513183,2023-11-09 13:34:06.111147
test_query_metrics_0,aim,0.12074975967407227,2023-11-09 13:34:07.387902
test_query_metrics_0,mlflow,0.002694249153137207,2023-11-09 13:34:07.387902
test_query_metrics_0,fasttrack,0.0027276277542114258,2023-11-09 13:34:07.387902
test_query_metrics_0,average,0.04205721219380696,2023-11-09 13:34:07.387902
test_query_metrics_1,aim,0.11722960472106933,2023-11-09 13:34:08.631805
test_query_metrics_1,mlflow,0.0035551786422729492,2023-11-09 13:34:08.631805
test_query_metrics_1,fasttrack,0.003122115135192871,2023-11-09 13:34:08.631805
test_query_metrics_1,average,0.04130229949951172,2023-11-09 13:34:08.631805
test_query_metrics_2,aim,0.11783652305603028,2023-11-09 13:34:09.865577
test_query_metrics_2,mlflow,0.002513289451599121,2023-11-09 13:34:09.865577
test_query_metrics_2,fasttrack,0.0025383472442626954,2023-11-09 13:34:09.865577
test_query_metrics_2,average,0.040962719917297365,2023-11-09 13:34:09.865577
test_query_metrics_3,aim,0.11805789470672608,2023-11-09 13:34:11.102668
test_query_metrics_3,mlflow,0.00250546932220459,2023-11-09 13:34:11.102668
test_query_metrics_3,fasttrack,0.0027151584625244142,2023-11-09 13:34:11.102668
test_query_metrics_3,average,0.041092840830485027,2023-11-09 13:34:11.102668
test_query_runs_0,aim,0.11510059833526612,2023-11-09 13:34:14.365562
test_query_runs_0,mlflow,0.2080000638961792,2023-11-09 13:34:14.365562
test_query_runs_0,fasttrack,0.002716541290283203,2023-11-09 13:34:14.365562
test_query_runs_0,average,0.10860573450724283,2023-11-09 13:34:14.365562
test_query_runs_1,aim,0.12635326385498047,2023-11-09 13:34:17.711876
test_query_runs_1,mlflow,0.2045499324798584,2023-11-09 13:34:17.711876
test_query_runs_1,fasttrack,0.0031393289566040037,2023-11-09 13:34:17.711876
test_query_runs_1,average,0.11134750843048095,2023-11-09 13:34:17.711876
test_query_runs_2,aim,0.1135488510131836,2023-11-09 13:34:20.921050
test_query_runs_2,mlflow,0.20337843894958496,2023-11-09 13:34:20.921050
test_query_runs_2,fasttrack,0.002939605712890625,2023-11-09 13:34:20.921050
test_query_runs_2,average,0.10662229855855306,2023-11-09 13:34:20.921050
test_query_runs_3,aim,0.11449947357177734,2023-11-09 13:34:24.052294
test_query_runs_3,mlflow,0.1954805612564087,2023-11-09 13:34:24.052294
test_query_runs_3,fasttrack,0.002548694610595703,2023-11-09 13:34:24.052294
test_query_runs_3,average,0.10417624314626057,2023-11-09 13:34:24.052294
test_iterative_access,aim,0.024143195152282713,2023-11-09 13:34:26.401163
test_iterative_access,mlflow,0.20814218521118164,2023-11-09 13:34:26.401163
test_iterative_access,fasttrack,0.0017991065979003906,2023-11-09 13:34:26.401163
test_iterative_access,average,0.07802816232045491,2023-11-09 13:34:26.401163
test_random_access_0,aim,0.025849103927612305,2023-11-09 13:34:28.704472
test_random_access_0,mlflow,0.2020700454711914,2023-11-09 13:34:28.704472
test_random_access_0,fasttrack,0.0014901399612426759,2023-11-09 13:34:28.704472
test_random_access_0,average,0.07646976312001545,2023-11-09 13:34:28.704472
test_random_access_1,aim,0.025086069107055665,2023-11-09 13:34:31.056951
test_random_access_1,mlflow,0.20758559703826904,2023-11-09 13:34:31.056951
test_random_access_1,fasttrack,0.0019696712493896484,2023-11-09 13:34:31.056951
test_random_access_1,average,0.07821377913157145,2023-11-09 13:34:31.056951
test_random_access_2,aim,0.027324223518371583,2023-11-09 13:34:33.325729
test_random_access_2,mlflow,0.19693620204925538,2023-11-09 13:34:33.325729
test_random_access_2,fasttrack,0.0015050888061523438,2023-11-09 13:34:33.325729
test_random_access_2,average,0.07525517145792644,2023-11-09 13:34:33.325729
test_collect_metrics_data_0,aim,0.21533699035644532,2023-11-09 13:35:36.579996
test_collect_metrics_data_0,mlflow,0.2950632333755493,2023-11-09 13:35:36.579996
test_collect_metrics_data_0,fasttrack,0.005104255676269531,2023-11-09 13:35:36.579996
test_collect_metrics_data_0,average,0.1718348264694214,2023-11-09 13:35:36.579996
test_collect_metrics_data_1,aim,0.15182161331176758,2023-11-09 13:35:40.795439
test_collect_metrics_data_1,mlflow,0.2645557880401611,2023-11-09 13:35:40.795439
test_collect_metrics_data_1,fasttrack,0.003136086463928223,2023-11-09 13:35:40.795439
test_collect_metrics_data_1,average,0.1398378292719523,2023-11-09 13:35:40.795439
test_collect_metrics_data_2,aim,0.1764606714248657,2023-11-09 13:35:45.365574
test_collect_metrics_data_2,mlflow,0.2760009288787842,2023-11-09 13:35:45.365574
test_collect_metrics_data_2,fasttrack,0.0038424968719482423,2023-11-09 13:35:45.365574
test_collect_metrics_data_2,average,0.1521013657251994,2023-11-09 13:35:45.365574
test_collect_metrics_data_3,aim,0.1507763147354126,2023-11-09 13:35:49.464684
test_collect_metrics_data_3,mlflow,0.254526424407959,2023-11-09 13:35:49.464684
test_collect_metrics_data_3,fasttrack,0.003350687026977539,2023-11-09 13:35:49.464684
test_collect_metrics_data_3,average,0.1362178087234497,2023-11-09 13:35:49.464684
test_collect_runs_data_0,aim,0.16093647480010986,2023-11-09 13:35:53.649336
test_collect_runs_data_0,mlflow,0.253942608833313,2023-11-09 13:35:53.649336
test_collect_runs_data_0,fasttrack,0.002960991859436035,2023-11-09 13:35:53.649336
test_collect_runs_data_0,average,0.1392800251642863,2023-11-09 13:35:53.649336
test_collect_runs_data_1,aim,0.1586232900619507,2023-11-09 13:35:58.022156
test_collect_runs_data_1,mlflow,0.27507996559143066,2023-11-09 13:35:58.022156
test_collect_runs_data_1,fasttrack,0.0030864715576171876,2023-11-09 13:35:58.022156
test_collect_runs_data_1,average,0.14559657573699952,2023-11-09 13:35:58.022156
test_collect_runs_data_2,aim,0.20447912216186523,2023-11-09 13:36:03.319823
test_collect_runs_data_2,mlflow,0.31634657382965087,2023-11-09 13:36:03.319823
test_collect_runs_data_2,fasttrack,0.007886052131652832,2023-11-09 13:36:03.319823
test_collect_runs_data_2,average,0.17623724937438964,2023-11-09 13:36:03.319823
test_collect_runs_data_3,aim,0.16434335708618164,2023-11-09 13:36:07.716112
test_collect_runs_data_3,mlflow,0.26994163990020753,2023-11-09 13:36:07.716112
test_collect_runs_data_3,fasttrack,0.0031699419021606447,2023-11-09 13:36:07.716112
test_collect_runs_data_3,average,0.14581831296284994,2023-11-09 13:36:07.716112
test_query_metrics_0,aim,0.16150569915771484,2023-11-09 13:36:09.411289
test_query_metrics_0,mlflow,0.0034626245498657225,2023-11-09 13:36:09.411289
test_query_metrics_0,fasttrack,0.003991508483886718,2023-11-09 13:36:09.411289
test_query_metrics_0,average,0.05631994406382243,2023-11-09 13:36:09.411289
test_query_metrics_1,aim,0.20690655708312988,2023-11-09 13:36:11.547937
test_query_metrics_1,mlflow,0.00328521728515625,2023-11-09 13:36:11.547937
test_query_metrics_1,fasttrack,0.00247800350189209,2023-11-09 13:36:11.547937
test_query_metrics_1,average,0.07088992595672607,2023-11-09 13:36:11.547937
test_query_metrics_2,aim,0.19224350452423095,2023-11-09 13:36:13.542188
test_query_metrics_2,mlflow,0.0035309553146362304,2023-11-09 13:36:13.542188
test_query_metrics_2,fasttrack,0.0030632972717285155,2023-11-09 13:36:13.542188
test_query_metrics_2,average,0.06627925237019856,2023-11-09 13:36:13.542188
test_query_metrics_3,aim,0.16689677238464357,2023-11-09 13:36:15.269919
test_query_metrics_3,mlflow,0.002990412712097168,2023-11-09 13:36:15.269919
test_query_metrics_3,fasttrack,0.002313113212585449,2023-11-09 13:36:15.269919
test_query_metrics_3,average,0.05740009943644206,2023-11-09 13:36:15.269919
test_query_runs_0,aim,0.16309139728546143,2023-11-09 13:36:19.766524
test_query_runs_0,mlflow,0.2822720050811768,2023-11-09 13:36:19.766524
test_query_runs_0,fasttrack,0.0033109903335571287,2023-11-09 13:36:19.766524
test_query_runs_0,average,0.14955813090006512,2023-11-09 13:36:19.766524
test_query_runs_1,aim,0.20754787921905518,2023-11-09 13:36:24.641345
test_query_runs_1,mlflow,0.2750916242599487,2023-11-09 13:36:24.641345
test_query_runs_1,fasttrack,0.004196858406066895,2023-11-09 13:36:24.641345
test_query_runs_1,average,0.16227878729502357,2023-11-09 13:36:24.641345
test_query_runs_2,aim,0.15952534675598146,2023-11-09 13:36:28.943109
test_query_runs_2,mlflow,0.2663414478302002,2023-11-09 13:36:28.943109
test_query_runs_2,fasttrack,0.0025635242462158205,2023-11-09 13:36:28.943109
test_query_runs_2,average,0.14281010627746582,2023-11-09 13:36:28.943109
test_query_runs_3,aim,0.14430694580078124,2023-11-09 13:36:32.933141
test_query_runs_3,mlflow,0.2517618417739868,2023-11-09 13:36:32.933141
test_query_runs_3,fasttrack,0.00249941349029541,2023-11-09 13:36:32.933141
test_query_runs_3,average,0.1328560670216878,2023-11-09 13:36:32.933141
test_iterative_access,aim,0.029328012466430665,2023-11-09 13:36:35.771564
test_iterative_access,mlflow,0.25219929218292236,2023-11-09 13:36:35.771564
test_iterative_access,fasttrack,0.0015280008316040038,2023-11-09 13:36:35.771564
test_iterative_access,average,0.09435176849365234,2023-11-09 13:36:35.771564
test_random_access_0,aim,0.029953527450561523,2023-11-09 13:36:38.597120
test_random_access_0,mlflow,0.25007095336914065,2023-11-09 13:36:38.597120
test_random_access_0,fasttrack,0.0018893957138061523,2023-11-09 13:36:38.597120
test_random_access_0,average,0.0939712921778361,2023-11-09 13:36:38.597120
test_random_access_1,aim,0.03401749134063721,2023-11-09 13:36:41.404594
test_random_access_1,mlflow,0.24392335414886473,2023-11-09 13:36:41.404594
test_random_access_1,fasttrack,0.0021128416061401366,2023-11-09 13:36:41.404594
test_random_access_1,average,0.0933512290318807,2023-11-09 13:36:41.404594
test_random_access_2,aim,0.02963428497314453,2023-11-09 13:36:44.115370
test_random_access_2,mlflow,0.23876481056213378,2023-11-09 13:36:44.115370
test_random_access_2,fasttrack,0.0016411781311035157,2023-11-09 13:36:44.115370
test_random_access_2,average,0.09001342455546062,2023-11-09 13:36:44.115370
test_collect_metrics_data_0,aim,0.3331548452377319,2023-11-09 13:52:45.978141
test_collect_metrics_data_0,mlflow,0.6208066940307617,2023-11-09 13:52:45.978141
test_collect_metrics_data_0,fasttrack,0.007036137580871582,2023-11-09 13:52:45.978141
test_collect_metrics_data_0,average,0.32033255894978846,2023-11-09 13:52:45.978141
test_collect_metrics_data_1,aim,0.3272918701171875,2023-11-09 13:52:54.493551
test_collect_metrics_data_1,mlflow,0.5102801561355591,2023-11-09 13:52:54.493551
test_collect_metrics_data_1,fasttrack,0.010855150222778321,2023-11-09 13:52:54.493551
test_collect_metrics_data_1,average,0.282809058825175,2023-11-09 13:52:54.493551
test_collect_metrics_data_2,aim,0.3388834953308105,2023-11-09 13:53:03.059034
test_collect_metrics_data_2,mlflow,0.5056811094284057,2023-11-09 13:53:03.059034
test_collect_metrics_data_2,fasttrack,0.009043002128601074,2023-11-09 13:53:03.059034
test_collect_metrics_data_2,average,0.2845358689626058,2023-11-09 13:53:03.059034
test_collect_metrics_data_3,aim,0.43846635818481444,2023-11-09 13:53:12.143257
test_collect_metrics_data_3,mlflow,0.46099565029144285,2023-11-09 13:53:12.143257
test_collect_metrics_data_3,fasttrack,0.005859279632568359,2023-11-09 13:53:12.143257
test_collect_metrics_data_3,average,0.30177376270294193,2023-11-09 13:53:12.143257
test_collect_runs_data_0,aim,0.31321470737457274,2023-11-09 13:53:22.868642
test_collect_runs_data_0,mlflow,0.7496414422988892,2023-11-09 13:53:22.868642
test_collect_runs_data_0,fasttrack,0.00788552761077881,2023-11-09 13:53:22.868642
test_collect_runs_data_0,average,0.3569138924280802,2023-11-09 13:53:22.868642
test_collect_runs_data_1,aim,0.4364976406097412,2023-11-09 13:53:31.867644
test_collect_runs_data_1,mlflow,0.4563788652420044,2023-11-09 13:53:31.867644
test_collect_runs_data_1,fasttrack,0.004629731178283691,2023-11-09 13:53:31.867644
test_collect_runs_data_1,average,0.29916874567667645,2023-11-09 13:53:31.867644
test_collect_runs_data_2,aim,0.18584840297698973,2023-11-09 13:53:36.832879
test_collect_runs_data_2,mlflow,0.3066946268081665,2023-11-09 13:53:36.832879
test_collect_runs_data_2,fasttrack,0.0023548126220703123,2023-11-09 13:53:36.832879
test_collect_runs_data_2,average,0.16496594746907553,2023-11-09 13:53:36.832879
test_collect_runs_data_3,aim,0.16590163707733155,2023-11-09 13:53:41.481603
test_collect_runs_data_3,mlflow,0.2962405443191528,2023-11-09 13:53:41.481603
test_collect_runs_data_3,fasttrack,0.0023150205612182616,2023-11-09 13:53:41.481603
test_collect_runs_data_3,average,0.1548190673192342,2023-11-09 13:53:41.481603
test_query_metrics_0,aim,0.187607741355896,2023-11-09 13:53:43.406662
test_query_metrics_0,mlflow,0.0023525476455688475,2023-11-09 13:53:43.406662
test_query_metrics_0,fasttrack,0.0019748449325561524,2023-11-09 13:53:43.406662
test_query_metrics_0,average,0.063978377978007,2023-11-09 13:53:43.406662
test_query_metrics_1,aim,0.16980504989624023,2023-11-09 13:53:45.157299
test_query_metrics_1,mlflow,0.0028197050094604494,2023-11-09 13:53:45.157299
test_query_metrics_1,fasttrack,0.0020452022552490236,2023-11-09 13:53:45.157299
test_query_metrics_1,average,0.058223319053649907,2023-11-09 13:53:45.157299
test_query_metrics_2,aim,0.16988258361816405,2023-11-09 13:53:46.922597
test_query_metrics_2,mlflow,0.004196977615356446,2023-11-09 13:53:46.922597
test_query_metrics_2,fasttrack,0.002044272422790527,2023-11-09 13:53:46.922597
test_query_metrics_2,average,0.05870794455210367,2023-11-09 13:53:46.922597
test_query_metrics_3,aim,0.16939883232116698,2023-11-09 13:53:48.666260
test_query_metrics_3,mlflow,0.0023846149444580076,2023-11-09 13:53:48.666260
test_query_metrics_3,fasttrack,0.002151083946228027,2023-11-09 13:53:48.666260
test_query_metrics_3,average,0.05797817707061767,2023-11-09 13:53:48.666260
test_query_runs_0,aim,0.15808632373809814,2023-11-09 13:53:53.154871
test_query_runs_0,mlflow,0.2883570194244385,2023-11-09 13:53:53.154871
test_query_runs_0,fasttrack,0.0020331144332885742,2023-11-09 13:53:53.154871
test_query_runs_0,average,0.14949215253194173,2023-11-09 13:53:53.154871
test_query_runs_1,aim,0.15560309886932372,2023-11-09 13:53:57.574009
test_query_runs_1,mlflow,0.2838729381561279,2023-11-09 13:53:57.574009
test_query_runs_1,fasttrack,0.0020697355270385743,2023-11-09 13:53:57.574009
test_query_runs_1,average,0.1471819241841634,2023-11-09 13:53:57.574009
test_query_runs_2,aim,0.15799403190612793,2023-11-09 13:54:02.042292
test_query_runs_2,mlflow,0.2864187717437744,2023-11-09 13:54:02.042292
test_query_runs_2,fasttrack,0.002054715156555176,2023-11-09 13:54:02.042292
test_query_runs_2,average,0.14882250626881918,2023-11-09 13:54:02.042292
test_query_runs_3,aim,0.15796043872833251,2023-11-09 13:54:06.482909
test_query_runs_3,mlflow,0.2834921360015869,2023-11-09 13:54:06.482909
test_query_runs_3,fasttrack,0.00220947265625,2023-11-09 13:54:06.482909
test_query_runs_3,average,0.14788734912872314,2023-11-09 13:54:06.482909
test_iterative_access,aim,0.03387980461120606,2023-11-09 13:54:09.697414
test_iterative_access,mlflow,0.2854454040527344,2023-11-09 13:54:09.697414
test_iterative_access,fasttrack,0.0015241622924804688,2023-11-09 13:54:09.697414
test_iterative_access,average,0.10694979031880697,2023-11-09 13:54:09.697414
test_random_access_0,aim,0.03373019695281983,2023-11-09 13:54:12.910958
test_random_access_0,mlflow,0.2855446577072144,2023-11-09 13:54:12.910958
test_random_access_0,fasttrack,0.0015427112579345704,2023-11-09 13:54:12.910958
test_random_access_0,average,0.10693918863932293,2023-11-09 13:54:12.910958
test_random_access_1,aim,0.03529820442199707,2023-11-09 13:54:16.136735
test_random_access_1,mlflow,0.2852611780166626,2023-11-09 13:54:16.136735
test_random_access_1,fasttrack,0.00152130126953125,2023-11-09 13:54:16.136735
test_random_access_1,average,0.10736022790273031,2023-11-09 13:54:16.136735
test_random_access_2,aim,0.034374785423278806,2023-11-09 13:54:19.469729
test_random_access_2,mlflow,0.29703311920166015,2023-11-09 13:54:19.469729
test_random_access_2,fasttrack,0.00137021541595459,2023-11-09 13:54:19.469729
test_random_access_2,average,0.1109260400136312,2023-11-09 13:54:19.469729
test_collect_metrics_data_0,aim,0.5118784666061401,2023-11-09 14:02:34.769197
test_collect_metrics_data_0,mlflow,0.774187970161438,2023-11-09 14:02:34.769197
test_collect_metrics_data_0,fasttrack,0.026948881149291993,2023-11-09 14:02:34.769197
test_collect_metrics_data_0,average,0.43767177263895674,2023-11-09 14:02:34.769197
test_collect_metrics_data_1,aim,0.47367494106292723,2023-11-09 14:02:46.071742
test_collect_metrics_data_1,mlflow,0.6322817087173462,2023-11-09 14:02:46.071742
test_collect_metrics_data_1,fasttrack,0.007100462913513184,2023-11-09 14:02:46.071742
test_collect_metrics_data_1,average,0.3710190375645956,2023-11-09 14:02:46.071742
test_collect_metrics_data_2,aim,0.3772881507873535,2023-11-09 14:02:54.203445
test_collect_metrics_data_2,mlflow,0.4235644578933716,2023-11-09 14:02:54.203445
test_collect_metrics_data_2,fasttrack,0.007700157165527344,2023-11-09 14:02:54.203445
test_collect_metrics_data_2,average,0.26951758861541747,2023-11-09 14:02:54.203445
test_collect_metrics_data_3,aim,0.3414128303527832,2023-11-09 14:03:02.667
test_collect_metrics_data_3,mlflow,0.4949662446975708,2023-11-09 14:03:02.667
test_collect_metrics_data_3,fasttrack,0.006731629371643066,2023-11-09 14:03:02.667
test_collect_metrics_data_3,average,0.281036901473999,2023-11-09 14:03:02.667
test_collect_runs_data_0,aim,0.31961374282836913,2023-11-09 14:03:09.696445
test_collect_runs_data_0,mlflow,0.3778380393981934,2023-11-09 14:03:09.696445
test_collect_runs_data_0,fasttrack,0.0031971454620361326,2023-11-09 14:03:09.696445
test_collect_runs_data_0,average,0.23354964256286623,2023-11-09 14:03:09.696445
test_collect_runs_data_1,aim,0.21974389553070067,2023-11-09 14:03:15.360925
test_collect_runs_data_1,mlflow,0.34274389743804934,2023-11-09 14:03:15.360925
test_collect_runs_data_1,fasttrack,0.002993202209472656,2023-11-09 14:03:15.360925
test_collect_runs_data_1,average,0.18849366505940757,2023-11-09 14:03:15.360925
test_collect_runs_data_2,aim,0.21524434089660643,2023-11-09 14:03:21.074339
test_collect_runs_data_2,mlflow,0.35311713218688967,2023-11-09 14:03:21.074339
test_collect_runs_data_2,fasttrack,0.002536463737487793,2023-11-09 14:03:21.074339
test_collect_runs_data_2,average,0.1902993122736613,2023-11-09 14:03:21.074339
test_collect_runs_data_3,aim,0.21387016773223877,2023-11-09 14:03:26.615493
test_collect_runs_data_3,mlflow,0.3370483636856079,2023-11-09 14:03:26.615493
test_collect_runs_data_3,fasttrack,0.0028059005737304686,2023-11-09 14:03:26.615493
test_collect_runs_data_3,average,0.18457481066385906,2023-11-09 14:03:26.615493
test_query_metrics_0,aim,0.22233030796051026,2023-11-09 14:03:28.911066
test_query_metrics_0,mlflow,0.0026744842529296876,2023-11-09 14:03:28.911066
test_query_metrics_0,fasttrack,0.004036140441894531,2023-11-09 14:03:28.911066
test_query_metrics_0,average,0.07634697755177816,2023-11-09 14:03:28.911066
test_query_metrics_1,aim,0.22069354057312013,2023-11-09 14:03:31.169386
test_query_metrics_1,mlflow,0.002522110939025879,2023-11-09 14:03:31.169386
test_query_metrics_1,fasttrack,0.0021918535232543944,2023-11-09 14:03:31.169386
test_query_metrics_1,average,0.07513583501180014,2023-11-09 14:03:31.169386
test_query_metrics_2,aim,0.23259501457214354,2023-11-09 14:03:33.551735
test_query_metrics_2,mlflow,0.00264892578125,2023-11-09 14:03:33.551735
test_query_metrics_2,fasttrack,0.0025757551193237305,2023-11-09 14:03:33.551735
test_query_metrics_2,average,0.0792732318242391,2023-11-09 14:03:33.551735
test_query_metrics_3,aim,0.2184225559234619,2023-11-09 14:03:35.785473
test_query_metrics_3,mlflow,0.0023441314697265625,2023-11-09 14:03:35.785473
test_query_metrics_3,fasttrack,0.00219573974609375,2023-11-09 14:03:35.785473
test_query_metrics_3,average,0.0743208090464274,2023-11-09 14:03:35.785473
test_query_runs_0,aim,0.2080690860748291,2023-11-09 14:03:41.295237
test_query_runs_0,mlflow,0.34021940231323244,2023-11-09 14:03:41.295237
test_query_runs_0,fasttrack,0.0023126840591430665,2023-11-09 14:03:41.295237
test_query_runs_0,average,0.1835337241490682,2023-11-09 14:03:41.295237
test_query_runs_1,aim,0.20872883796691893,2023-11-09 14:03:46.756675
test_query_runs_1,mlflow,0.334369421005249,2023-11-09 14:03:46.756675
test_query_runs_1,fasttrack,0.0026225805282592773,2023-11-09 14:03:46.756675
test_query_runs_1,average,0.18190694650014239,2023-11-09 14:03:46.756675
test_query_runs_2,aim,0.20807209014892578,2023-11-09 14:03:52.237565
test_query_runs_2,mlflow,0.3371527671813965,2023-11-09 14:03:52.237565
test_query_runs_2,fasttrack,0.0024573802947998047,2023-11-09 14:03:52.237565
test_query_runs_2,average,0.18256074587504068,2023-11-09 14:03:52.237565
test_query_runs_3,aim,0.21208910942077636,2023-11-09 14:03:57.820449
test_query_runs_3,mlflow,0.34341466426849365,2023-11-09 14:03:57.820449
test_query_runs_3,fasttrack,0.002401852607727051,2023-11-09 14:03:57.820449
test_query_runs_3,average,0.18596854209899902,2023-11-09 14:03:57.820449
test_iterative_access,aim,0.04370648860931396,2023-11-09 14:04:01.633801
test_iterative_access,mlflow,0.3356443166732788,2023-11-09 14:04:01.633801
test_iterative_access,fasttrack,0.0013857603073120118,2023-11-09 14:04:01.633801
test_iterative_access,average,0.12691218852996827,2023-11-09 14:04:01.633801
test_random_access_0,aim,0.04377286434173584,2023-11-09 14:04:05.431155
test_random_access_0,mlflow,0.3340855360031128,2023-11-09 14:04:05.431155
test_random_access_0,fasttrack,0.0013794898986816406,2023-11-09 14:04:05.431155
test_random_access_0,average,0.12641263008117676,2023-11-09 14:04:05.431155
test_random_access_1,aim,0.04799833297729492,2023-11-09 14:04:09.303541
test_random_access_1,mlflow,0.3373186349868774,2023-11-09 14:04:09.303541
test_random_access_1,fasttrack,0.0014456987380981445,2023-11-09 14:04:09.303541
test_random_access_1,average,0.12892088890075684,2023-11-09 14:04:09.303541
test_random_access_2,aim,0.04352560043334961,2023-11-09 14:04:13.094265
test_random_access_2,mlflow,0.3336683750152588,2023-11-09 14:04:13.094265
test_random_access_2,fasttrack,0.0013527154922485351,2023-11-09 14:04:13.094265
test_random_access_2,average,0.126182230313619,2023-11-09 14:04:13.094265
test_collect_metrics_data_0,aim,0.3711527109146118,2023-11-09 14:06:10.307763
test_collect_metrics_data_0,mlflow,0.6345925331115723,2023-11-09 14:06:10.307763
test_collect_metrics_data_0,fasttrack,0.007505249977111816,2023-11-09 14:06:10.307763
test_collect_metrics_data_0,average,0.33775016466776525,2023-11-09 14:06:10.307763
test_collect_metrics_data_1,aim,0.37442898750305176,2023-11-09 14:06:19.035037
test_collect_metrics_data_1,mlflow,0.4845146179199219,2023-11-09 14:06:19.035037
test_collect_metrics_data_1,fasttrack,0.010278129577636718,2023-11-09 14:06:19.035037
test_collect_metrics_data_1,average,0.2897405783335368,2023-11-09 14:06:19.035037
test_collect_metrics_data_2,aim,0.35124917030334474,2023-11-09 14:06:26.803786
test_collect_metrics_data_2,mlflow,0.4182525873184204,2023-11-09 14:06:26.803786
test_collect_metrics_data_2,fasttrack,0.00386655330657959,2023-11-09 14:06:26.803786
test_collect_metrics_data_2,average,0.2577894369761149,2023-11-09 14:06:26.803786
test_collect_metrics_data_3,aim,0.26302940845489503,2023-11-09 14:06:33.613367
test_collect_metrics_data_3,mlflow,0.4127042293548584,2023-11-09 14:06:33.613367
test_collect_metrics_data_3,fasttrack,0.00395669937133789,2023-11-09 14:06:33.613367
test_collect_metrics_data_3,average,0.22656344572703047,2023-11-09 14:06:33.613367
test_collect_runs_data_0,aim,0.24241607189178466,2023-11-09 14:06:40.076607
test_collect_runs_data_0,mlflow,0.39915463924407957,2023-11-09 14:06:40.076607
test_collect_runs_data_0,fasttrack,0.0032939910888671875,2023-11-09 14:06:40.076607
test_collect_runs_data_0,average,0.2149549007415771,2023-11-09 14:06:40.076607
test_collect_runs_data_1,aim,0.288412880897522,2023-11-09 14:06:47.141892
test_collect_runs_data_1,mlflow,0.41053571701049807,2023-11-09 14:06:47.141892
test_collect_runs_data_1,fasttrack,0.006850004196166992,2023-11-09 14:06:47.141892
test_collect_runs_data_1,average,0.2352662007013957,2023-11-09 14:06:47.141892
test_collect_runs_data_2,aim,0.24879651069641112,2023-11-09 14:06:53.699231
test_collect_runs_data_2,mlflow,0.4009662866592407,2023-11-09 14:06:53.699231
test_collect_runs_data_2,fasttrack,0.0038080930709838865,2023-11-09 14:06:53.699231
test_collect_runs_data_2,average,0.21785696347554526,2023-11-09 14:06:53.699231
test_collect_runs_data_3,aim,0.2585594177246094,2023-11-09 14:07:00.595929
test_collect_runs_data_3,mlflow,0.4252737760543823,2023-11-09 14:07:00.595929
test_collect_runs_data_3,fasttrack,0.004955077171325683,2023-11-09 14:07:00.595929
test_collect_runs_data_3,average,0.2295960903167725,2023-11-09 14:07:00.595929
test_query_metrics_0,aim,0.2702394962310791,2023-11-09 14:07:03.389674
test_query_metrics_0,mlflow,0.003564929962158203,2023-11-09 14:07:03.389674
test_query_metrics_0,fasttrack,0.003193831443786621,2023-11-09 14:07:03.389674
test_query_metrics_0,average,0.09233275254567465,2023-11-09 14:07:03.389674
test_query_metrics_1,aim,0.2629342317581177,2023-11-09 14:07:06.084721
test_query_metrics_1,mlflow,0.0029810667037963867,2023-11-09 14:07:06.084721
test_query_metrics_1,fasttrack,0.002899932861328125,2023-11-09 14:07:06.084721
test_query_metrics_1,average,0.0896050771077474,2023-11-09 14:07:06.084721
test_query_metrics_2,aim,0.2662330150604248,2023-11-09 14:07:08.812244
test_query_metrics_2,mlflow,0.0029230356216430665,2023-11-09 14:07:08.812244
test_query_metrics_2,fasttrack,0.002860760688781738,2023-11-09 14:07:08.812244
test_query_metrics_2,average,0.09067227045694987,2023-11-09 14:07:08.812244
test_query_metrics_3,aim,0.267660117149353,2023-11-09 14:07:11.567488
test_query_metrics_3,mlflow,0.0040591716766357425,2023-11-09 14:07:11.567488
test_query_metrics_3,fasttrack,0.0030219554901123047,2023-11-09 14:07:11.567488
test_query_metrics_3,average,0.09158041477203367,2023-11-09 14:07:11.567488
test_query_runs_0,aim,0.26676168441772463,2023-11-09 14:07:18.458027
test_query_runs_0,mlflow,0.4179757356643677,2023-11-09 14:07:18.458027
test_query_runs_0,fasttrack,0.0031404972076416017,2023-11-09 14:07:18.458027
test_query_runs_0,average,0.22929263909657796,2023-11-09 14:07:18.458027
test_query_runs_1,aim,0.2563453197479248,2023-11-09 14:07:25.046795
test_query_runs_1,mlflow,0.3978417873382568,2023-11-09 14:07:25.046795
test_query_runs_1,fasttrack,0.0038480043411254885,2023-11-09 14:07:25.046795
test_query_runs_1,average,0.2193450371424357,2023-11-09 14:07:25.046795
test_query_runs_2,aim,0.25089638233184813,2023-11-09 14:07:31.666040
test_query_runs_2,mlflow,0.4060337066650391,2023-11-09 14:07:31.666040
test_query_runs_2,fasttrack,0.0037965774536132812,2023-11-09 14:07:31.666040
test_query_runs_2,average,0.22024222215016684,2023-11-09 14:07:31.666040
test_query_runs_3,aim,0.24417884349823,2023-11-09 14:07:38.186209
test_query_runs_3,mlflow,0.4038034200668335,2023-11-09 14:07:38.186209
test_query_runs_3,fasttrack,0.003336787223815918,2023-11-09 14:07:38.186209
test_query_runs_3,average,0.2171063502629598,2023-11-09 14:07:38.186209
test_iterative_access,aim,0.052794575691223145,2023-11-09 14:07:42.633441
test_iterative_access,mlflow,0.3889129638671875,2023-11-09 14:07:42.633441
test_iterative_access,fasttrack,0.0019064903259277343,2023-11-09 14:07:42.633441
test_iterative_access,average,0.14787134329477944,2023-11-09 14:07:42.633441
test_random_access_0,aim,0.05195932388305664,2023-11-09 14:07:47.657220
test_random_access_0,mlflow,0.44750983715057374,2023-11-09 14:07:47.657220
test_random_access_0,fasttrack,0.00162961483001709,2023-11-09 14:07:47.657220
test_random_access_0,average,0.1670329252878825,2023-11-09 14:07:47.657220
test_random_access_1,aim,0.05265722274780273,2023-11-09 14:07:52.334420
test_random_access_1,mlflow,0.41191391944885253,2023-11-09 14:07:52.334420
test_random_access_1,fasttrack,0.0016626596450805664,2023-11-09 14:07:52.334420
test_random_access_1,average,0.1554112672805786,2023-11-09 14:07:52.334420
test_random_access_2,aim,0.06100008487701416,2023-11-09 14:07:57.187445
test_random_access_2,mlflow,0.41989812850952146,2023-11-09 14:07:57.187445
test_random_access_2,fasttrack,0.003324127197265625,2023-11-09 14:07:57.187445
test_random_access_2,average,0.16140744686126707,2023-11-09 14:07:57.187445
